﻿第１回 TOEIC IP 返金期限６月末日,５月12日(日) TOEIC IP 欠席の場合の返金は６月末日が期限につき、返金希望者は、木更津多田屋西口店(八剱八幡神社隣)の営業日時を確認し、学生証持参の上、お店に行くこと。
ボイラー実技講習及び二級ボイラー技士受験準備講習について,ボイラー実技講習及び二級ボイラー技士受験準備講習について、案内がありました。詳細は以下のURLをご覧ください。http://fc17060120181800.web2.blks.jp/kousyuu.html
北海道胆振東部地震により被災された学生へ,・経済的支援としてJASSO奨学金（緊急採用／有利子・無利子）及び支援金
eラーニングの募集について,eラーニングの募集要項を在校生保護者専用ＨＰに掲載しております。興味のある学生はＨＰよりダウンロードをお願いいたします。
【編入】千葉大，本校専攻科の募集要項の配布について,千葉大，本校専攻科の募集要項を学生課で配布しています。豊橋長岡両技科大の募集要項については各大学のHPからダウンロードをお願いします。
【周知】海外渡航の際の在留届の提出について,このことについて、海外渡航を予定している学生は、在留届の提出が奨励されております。外務省HP（http://www.mofa.go.jp/mofaj/toko/todoke/zairyu/）をご覧の上、手続きくださるようお願いします。
アフラック小児がん経験者・がん遺児奨学金制度のご案内,本校学生のうち、小児がん経験者または「がん」により主たる家計維持者を亡くした方がいましたら、学生課学生係までお越しください。奨学金の給付（返還不要）を行うことができます。
JASSO支援金に関するご案内,平成26年7月1日以降に発生した自然災害等による被害を受けた学生（家庭）がいましたら、学生課学生係までご連絡下さい。奨学金の給付を行うことができます。
