﻿15-201,石山　拓洋,4月26日,教務係,証明書の準備ができました
15-205,小野　温哉,5月23日,教務係,証明書の準備ができました
15-224,多賀　亮介,5月14日,学生係,書類の用意ができました
15-228,仲田　稜,5月22日,学生係,落し物が届いています
15-238,皆川　諒,4月25日,教務係,証明書の準備ができました
15-422,篠田　拓樹,5月23日,教務係,証明書の準備ができました
15-430,土井　康平,5月23日,教務係,証明書の準備ができました
15-432,橋本　浩輝,5月23日,教務係,証明書の準備ができました
15-506,大平　夏生,5月28日,教務係,証明書の準備ができました
15-531,鳥海　良太,5月27日,教務係,証明書の準備ができました
16-112,古川　敦基,5月20日,学生係,落し物が届いています
16-201,石井　晶,5月24日,学生係,落し物が届いています
17-209,長田　光史,4月25日,教務係,（教科書のお渡し）
17-212,川上晃史,4月12日,学生係,落し物が届いています,4月25日,教務係,（教科書のお渡し）
18-416,佐久間　尚正,5月20日,学生係,ハチマキについて
18-A02,石川　裕太,5月23日,教務係,証明書の準備ができました
18-A09,鈴木　智也,5月23日,教務係,証明書の準備ができました
18-A13,船木　友喬,5月16日,学生係,自転車通学について
18-A14,宮腰　就也,5月23日,教務係,証明書の準備ができました
19-C01,榎本　拓海,5月16日,学生係,自転車登録について
