﻿15-201,石山　拓洋,4月26日,教務係,証明書の準備ができました
15-202,石渡　亮彦,5月14日,教務係,証明書の準備ができました
15-205,小野　温哉,5月14日,教務係,証明書の準備ができました
15-224,多賀　亮介,5月14日,学生係,書類の用意ができました
15-237,御手洗　圭吾,5月15日,学生係,自転車通学について
15-238,皆川　諒,4月25日,教務係,証明書の準備ができました
15-419,齋藤　遼河,5月14日,教務係,証明書の準備ができました
15-436,細井　颯太,5月14日,教務係,証明書の準備ができました
15-523,坂田　大輔,5月10日,教務係,証明書の準備ができました
15-535,松本　賢人,5月8日,教務係,証明書の準備ができました
15-540,室岡　太一,5月14日,教務係,証明書の準備ができました
16-112,古川　敦基,5月20日,学生係,落し物が届いています
17-117,齊藤　大介,5月8日,学生係,自転車通学の件
17-209,長田　光史,4月25日,教務係,（教科書のお渡し）
17-212,川上晃史,4月12日,学生係,落し物が届いています,4月25日,教務係,（教科書のお渡し）
18-416,佐久間　尚正,5月20日,学生係,ナチマキについて
18-507,稲葉　勇人,5月13日,学生課,（落とし物が届いています）
18-A13,船木　友喬,5月16日,学生係,自転車通学について
19-409,内田萌葉,5月10日,学生係,落し物が届いています
19-503,飯田　慧琉,5月10日,学生係,落し物が届いています
19-531,長島　早希,4月23日,教務係,単語帳が届きました（学生証持参のこと）
19-C01,榎本　拓海,5月16日,学生係,自転車登録について
